global_block_title,direction_title,system_title,product_group_id,product_group_title,mapped_vendors,coverage
Строительные материалы,Архитектурные решения,Потолки,ceiling-systems,Потолочные системы,4,covered
Строительные материалы,Архитектурные решения,Стены / интерьерные панели,hpl-wall-panels,HPL стеновые панели,1,covered
Строительные материалы,Архитектурные решения,Стены / интерьерные панели,sml-wall-panels,СМЛ стеновые панели,1,covered
Строительные материалы,Архитектурные решения,Стены / интерьерные панели,gml-wall-panels,GML стеновые панели,2,covered
Строительные материалы,Архитектурные решения,Стены / интерьерные панели,sml-paneli,СМЛ панели,1,covered
Строительные материалы,Архитектурные решения,Стены / интерьерные панели,gml-paneli,GML панели,2,covered
Строительные материалы,Архитектурные решения,Стены / интерьерные панели,santehnicheskie-peregorodki,Сантехнические перегородки,1,covered
Строительные материалы,Архитектурные решения,Полы,porcelain-tile,Керамогранитная плитка,4,covered
Строительные материалы,Архитектурные решения,Полы,linoleum,Линолеум,1,covered
Строительные материалы,Архитектурные решения,Полы,laminat,Ламинат,1,covered
Строительные материалы,Архитектурные решения,Полы,komplektuyuschie-k-linoleumu,Комплектующие к линолеуму,1,covered
Строительные материалы,Архитектурные решения,Полы,plintus,Плинтус,1,covered
Строительные материалы,Архитектурные решения,Полы,podlozhka,Подложка,1,covered
Строительные материалы,Архитектурные решения,Полы,falshpoly,Фальшполы,1,covered
Строительные материалы,Архитектурные решения,"Окна, витражи, двери",aluminum-windows-glazing,Окна и витражи в алюминиевом профиле,10,covered
Строительные материалы,Архитектурные решения,"Окна, витражи, двери",pvc-windows,Окна ПВХ,8,covered
Строительные материалы,Архитектурные решения,"Окна, витражи, двери",steel-and-fire-doors,Двери стальные и противопожарные,3,covered
Строительные материалы,Архитектурные решения,"Окна, витражи, двери",okna,Окна,8,covered
Строительные материалы,Архитектурные решения,"Окна, витражи, двери",dveri,Двери,3,covered
Строительные материалы,Архитектурные решения,Фасады,aluminum-cassettes,Алюминиевые кассеты,1,covered
Строительные материалы,Архитектурные решения,Фасады,facade-substructure,Алюминиевый каркас,4,covered
Строительные материалы,Архитектурные решения,Фасады,facade-porcelain-slabs,Керамогранитные плиты,4,covered
Строительные материалы,Архитектурные решения,Фасады,facade-hpl-panels,HPL панели,1,covered
Строительные материалы,Архитектурные решения,Фасады,ventilated-facade-systems,Навесные фасадные системы,3,covered
Строительные материалы,Архитектурные решения,Фасады,podsistema-dlya-keramogranita,Подсистема для керамогранита,2,covered
Строительные материалы,Архитектурные решения,Фасады,metallokassety,Металлокассеты,3,covered
Строительные материалы,Архитектурные решения,Фасады,uteplitel,Утеплитель,4,covered
Строительные материалы,Архитектурные решения,Отделочные материалы,plasters-and-leveling-compounds,Штукатурные и выравнивающие смеси,4,covered
Строительные материалы,Архитектурные решения,Отделочные материалы,paints-and-coatings,Краска / лакокрасочные материалы,1,covered
Строительные материалы,Архитектурные решения,Отделочные материалы,oboi,Обои,1,covered
Строительные материалы,Архитектурные решения,Отделочные материалы,kraska,Краска,1,covered
Строительные материалы,Архитектурные решения,Отделочные материалы,suhie-smesi,Сухие смеси,4,covered
Строительные материалы,Архитектурные решения,Отделочные материалы,akusticheskie-resheniya,Акустические решения,1,covered
Строительные материалы,Архитектурные решения,Кровельные системы,krovelnye-sistemy,Кровельные системы,3,covered
Строительные материалы,Конструктивные решения,Стены / кладочные материалы,bricks,Кирпич,57,covered
Строительные материалы,Конструктивные решения,Стены / кладочные материалы,blocks,Блоки,3,covered
Строительные материалы,Конструктивные решения,Стены / кладочные материалы,sandwich-panels,Сэндвич-панели,1,covered
Строительные материалы,Конструктивные решения,Стены / кладочные материалы,gazobetonnye-bloki,Газобетонные блоки,1,covered
Строительные материалы,Конструктивные решения,Стены / кладочные материалы,penobloki,Пеноблоки,1,covered
Строительные материалы,Конструктивные решения,Стены / кладочные материалы,keramzitobetonnye-bloki,Керамзитобетонные блоки,3,covered
Строительные материалы,Конструктивные решения,Бетонные конструкции,waterproofing,Гидроизоляция,1,covered
Строительные материалы,Конструктивные решения,Бетонные конструкции,metal,Металл,22,covered
Строительные материалы,Конструктивные решения,Бетонные конструкции,formwork,Опалубка,4,covered
Строительные материалы,Конструктивные решения,Бетонные конструкции,scaffolding,Строительные леса,2,covered
Строительные материалы,Конструктивные решения,Бетонные конструкции,zhbi,ЖБИ,7,covered
Строительные материалы,Конструктивные решения,Бетонные конструкции,toppingovyy-betonnyy-pol,Топпинговый бетонный пол,2,covered
Строительные материалы,Конструктивные решения,Бетонные конструкции,fbs-bloki,ФБС Блоки,1,covered
Строительные материалы,Конструктивные решения,Перегородки,drywall-profile,Профиль для ГКЛ,2,covered
Строительные материалы,Конструктивные решения,Перегородки,drywall,Гипсокартон,4,covered
Строительные материалы,Конструктивные решения,Перегородки,gypsum-partition-blocks,ПГП,3,covered
Строительные материалы,Конструктивные решения,Перегородки,profil-dlya-gipsokartona,Профиль для гипсокартона,2,covered
Строительные материалы,Конструктивные решения,Древесно-плитные материалы,plywood,Фанера,26,covered
Строительные материалы,Конструктивные решения,Древесно-плитные материалы,cement-bonded-particle-board,ЦСП,2,covered
Строительные материалы,Конструктивные решения,Древесно-плитные материалы,dvp-fiberboard,ДВП,1,covered
Строительные материалы,Конструктивные решения,Древесно-плитные материалы,osb,ОСБ,2,covered
Строительные материалы,Конструктивные решения,Древесно-плитные материалы,mdf,МДФ,1,covered
Строительные материалы,Конструктивные решения,Древесно-плитные материалы,hdf,ХДФ,1,covered
Строительные материалы,Конструктивные решения,Древесно-плитные материалы,mdvp-soft-fiberboard,МДВП,1,covered
Строительные материалы,Конструктивные решения,Древесно-плитные материалы,fibrolite-boards,Фибролитовые плиты,1,covered
Строительные материалы,Конструктивные решения,Древесно-плитные материалы,vdsp-sh,ВДСПШ,1,covered
Строительные материалы,Конструктивные решения,Древесно-плитные материалы,gsp,ГСП,1,covered
Строительные материалы,Конструктивные решения,Древесно-плитные материалы,chipboard-dsp,ДСП,1,covered
Строительные материалы,Конструктивные решения,Древесно-плитные материалы,laminated-chipboard-ldsp,ЛДСП,1,covered
Строительные материалы,Конструктивные решения,Древесно-плитные материалы,acpl,АЦПЛ,1,covered
Строительные материалы,Конструктивные решения,Древесно-плитные материалы,lvl,ЛВЛ,1,covered
Строительные материалы,Конструктивные решения,Инертные и сыпучие материалы,scheben,Щебень,1,covered
Строительные материалы,Конструктивные решения,Инертные и вяжущие материалы,tsement,Цемент,1,covered
Строительные материалы,Конструктивные решения,Инертные и вяжущие материалы,beton,Бетон,1,covered
Строительные материалы,Конструктивные решения,Металл,mufty-obzhimnye-dlya-armatury,Муфты обжимные для арматуры,1,covered
Строительные материалы,Конструктивные решения,Металл,setka,Сетка,1,covered
Строительные материалы,Конструктивные решения,Металл,profnastil,Профнастил,2,covered
Строительные материалы,Конструктивные решения,Металл,zakladnye-detali,Закладные детали,1,covered
Строительные материалы,Конструктивные решения,Фундаменты и сваи,svai,Сваи,4,covered
Строительные материалы,Конструктивные решения,Крепеж,krepezh,Крепеж,3,covered
Строительные материалы,Конструктивные решения,Геосинтетические материалы,geotekstil,Геотекстиль,1,covered
Строительные материалы,Благоустройство и озеленение,Малые архитектурные формы (МАФ),sadovaya-mebel,Садовая мебель,1,covered
Строительные материалы,Благоустройство и озеленение,Покрытия,paving-slabs-and-pavers,Тротуарная плитка и брусчатка,1,covered
Строительные материалы,Благоустройство и озеленение,Освещение территории,opory-osvescheniya,Опоры освещения,11,covered
Строительные материалы,Благоустройство и озеленение,Ограждения и зонирование,zabory,Заборы,1,covered
Строительные материалы,Благоустройство и озеленение,Дорожные плиты,pag,ПАГ,1,covered
Инженерное оборудование,Водоснабжение и водоотведение,Водоснабжение,water-pumps,Насосное оборудование,3,covered
Инженерное оборудование,Водоснабжение и водоотведение,Водоснабжение,water-valves-safety-control,"Запорная, предохранительная и регулирующая арматура",3,covered
Инженерное оборудование,Водоснабжение и водоотведение,Водоснабжение,water-pipes-and-accessories,Трубы и аксессуары для трубопровода,4,covered
Инженерное оборудование,Водоснабжение и водоотведение,Водоснабжение,storm-drainage-kns-tanks-filter-cartridges,"Ливневая канализация, КНС, резервуары и фильтр-патроны",3,covered
Инженерное оборудование,Водоснабжение и водоотведение,Водоснабжение,zapornaya-i-reguliruyuschaya-armatura,Запорная и регулирующая арматура,2,covered
Инженерное оборудование,Водоснабжение и водоотведение,Водоснабжение,uzly-ucheta-vody,Узлы учета воды,1,covered
Инженерное оборудование,Водоснабжение и водоотведение,Водоснабжение,goryachee-vodosnabzhenie,Горячее водоснабжение,4,covered
Инженерное оборудование,Водоснабжение и водоотведение,Водоснабжение,truba-polipropilen,Труба полипропилен,1,covered
Инженерное оборудование,Водоснабжение и водоотведение,Сантехническое оборудование,mixers,Смесители,15,covered
Инженерное оборудование,Водоснабжение и водоотведение,Сантехническое оборудование,bathroom-complectation,Комплектация санузла,21,covered
Инженерное оборудование,Водоснабжение и водоотведение,Сантехническое оборудование,wall-hung-toilet-kit,Комплект для подвесного унитаза,2,covered
Инженерное оборудование,Водоснабжение и водоотведение,Сантехническое оборудование,rakoviny-i-unitazy,Раковины и унитазы,20,covered
Инженерное оборудование,Водоснабжение и водоотведение,Сантехническое оборудование,sanfayans,Санфаянс,20,covered
Инженерное оборудование,Водоснабжение и водоотведение,Водоподготовка,water-treatment-equipment,Водоподготовка,1,covered
Инженерное оборудование,Водоснабжение и водоотведение,Ливнево-очистные сооружения,stormwater-treatment-facilities-group,Ливнево-очистные сооружения,1,covered
Инженерное оборудование,Водоснабжение и водоотведение,Водоотведение,cast-iron-drainage,Чугунная канализация,1,covered
Инженерное оборудование,Водоснабжение и водоотведение,Водоотведение,water-fire-pumps,"Насосное оборудование для ХВС, пожаротушения и автоматического пожаротушения",2,covered
Инженерное оборудование,Водоснабжение и водоотведение,Водоотведение,wastewater-control-valves,Запорно-регулирующая арматура,1,covered
Инженерное оборудование,Водоснабжение и водоотведение,Водоотведение,industrial-electric-water-heaters,Накопительные электрические промышленные водонагреватели,1,covered
Инженерное оборудование,Водоснабжение и водоотведение,Водоотведение,indoor-sewage-pumping-stations,КНС внутренней установки,4,covered
Инженерное оборудование,Водоснабжение и водоотведение,Водоотведение,siphonic-vacuum-storm-drainage,Сифонно-вакуумная ливневая канализация,2,covered
Инженерное оборудование,Водоснабжение и водоотведение,Водоотведение,drenazhn-sistemy-i-vodootvedenie,Дренажн. системы и водоотведение,1,covered
Инженерное оборудование,Водоснабжение и водоотведение,Наружные сети водоснабжения и канализации,naruzhnye-seti-vodosnabzheniya-i-kanalizatsii,Наружные сети водоснабжения и канализации,1,covered
Инженерное оборудование,Водоснабжение и водоотведение,Наружные сети водоснабжения и канализации,kns,КНС,3,covered
Инженерное оборудование,Водоснабжение и водоотведение,Наружные сети водоснабжения и канализации,los,ЛОС,1,covered
Инженерное оборудование,ОВиК и тепловые сети,Радиаторы,steel-panel-radiators,Радиаторы стальные панельные,3,covered
Инженерное оборудование,ОВиК и тепловые сети,Радиаторы,bimetallic-radiators,Радиаторы биметаллические,3,covered
Инженерное оборудование,ОВиК и тепловые сети,Радиаторы,radiatory,Радиаторы,3,covered
Инженерное оборудование,ОВиК и тепловые сети,Радиаторы,konvektory,Конвекторы,2,covered
Инженерное оборудование,ОВиК и тепловые сети,Система вентиляции воздуха,air-disinfection-system,Система обеззараживания воздуха,1,covered
Инженерное оборудование,ОВиК и тепловые сети,Система вентиляции воздуха,ventilation-system,Система вентиляции,18,covered
Инженерное оборудование,ОВиК и тепловые сети,Система кондиционирования воздуха,vrf-vrv-and-split-systems,"VRF, VRV и сплит-системы",3,covered
Инженерное оборудование,ОВиК и тепловые сети,Система кондиционирования воздуха,vrf-vrv-i-split-sistemy,"VRF, VRV и сплит системы",3,covered
Инженерное оборудование,ОВиК и тепловые сети,Индивидуальный тепловой пункт,heat-exchanger-and-pumps,"Теплообменник, насосы",2,covered
Инженерное оборудование,ОВиК и тепловые сети,Тепловые завесы,teplovye-zavesy,Тепловые завесы,2,covered
Инженерное оборудование,ОВиК и тепловые сети,Тепловые сети,truba-v-ppu,Труба в ППУ,12,covered
Инженерное оборудование,Пожарная безопасность,АПС,automatic-gas-fire-extinguishing,Установки автоматического газового пожаротушения,1,covered
Инженерное оборудование,Пожарная безопасность,АПС,automatic-fire-extinguishing-systems,Системы автоматического пожаротушения,1,covered
Инженерное оборудование,Пожарная безопасность,АПС,autonomous-fire-extinguishing-system,Автономная система пожаротушения,1,covered
Инженерное оборудование,Пожарная безопасность,АПС,automatic-sprinkler-fire-extinguishing,Автоматическое (спринклерное) пожаротушение,1,covered
Инженерное оборудование,Пожарная безопасность,АПС,internal-fire-extinguishing,Внутреннее пожаротушение,1,covered
Инженерное оборудование,Пожарная безопасность,АПС,emergency-notification-and-control-equipment,"Оборудование для экстренного уведомления и контроля (СПС, СКУД, СОТС)",2,covered
Инженерное оборудование,Пожарная безопасность,АПС,security-and-fire-alarm,Охранно-пожарная сигнализация,3,covered
Инженерное оборудование,Пожарная безопасность,АПС,soue,СОУЭ,2,covered
Инженерное оборудование,Пожарная безопасность,АПС,fire-alarm-systems,Системы пожарной сигнализации,2,covered
Инженерное оборудование,Пожарная безопасность,АПС,protivodymnaya-zaschita-i-avtomaticheskoe-pozharotushenie,Противодымная защита и автоматическое пожаротушение,2,covered
Инженерное оборудование,Пожарная безопасность,АПС,vodyanoe-pozharotushenie,Водяное пожаротушение,1,covered
Инженерное оборудование,Пожарная безопасность,АПС,gazovoe-pozharotushenie,Газовое пожаротушение,1,covered
Инженерное оборудование,Пожарная безопасность,АПС,poroshkovoe-pozharotushenie,Порошковое пожаротушение,1,covered
Инженерное оборудование,Пожарная безопасность,АПС,aerozolnoe-pozharotushenie,Аэрозольное пожаротушение,1,covered
Инженерное оборудование,Пожарная безопасность,АПС,avtomaticheskoe-sprinklernoe-pozharotushenie,Автоматическое спринклерное пожаротушение,1,covered
Инженерное оборудование,Слаботочные сети и связь,Видеонаблюдение и сетевое оборудование,video-surveillance-equipment,Оборудование видеонаблюдения,1,covered
Инженерное оборудование,Слаботочные сети и связь,Видеонаблюдение и сетевое оборудование,active-lan-equipment,Активное оборудование ЛВС,2,covered
Инженерное оборудование,Слаботочные сети и связь,Видеонаблюдение и сетевое оборудование,video-surveillance-systems,Системы видеонаблюдения,1,covered
Инженерное оборудование,Слаботочные сети и связь,Кабельные сети и ВОЛС,fiber-optic-cable,Волоконно-оптический кабель,2,covered
Инженерное оборудование,Слаботочные сети и связь,Кабельные сети и ВОЛС,sks-kns-i-inzhenernoe-oborudovanie,"СКС, КНС и инженерное оборудование",1,covered
Инженерное оборудование,Слаботочные сети и связь,Системы контроля и управления доступом,access-control-equipment,Оборудование СКУД,2,covered
Инженерное оборудование,Слаботочные сети и связь,Системы контроля и управления доступом,automatic-key-issue-systems,Системы автоматической выдачи ключей,1,covered
Инженерное оборудование,Слаботочные сети и связь,Системы контроля и управления доступом,locking-devices,Запирающие устройства,1,covered
Инженерное оборудование,Слаботочные сети и связь,Системы контроля и управления доступом,skud,СКУД,2,covered
Инженерное оборудование,Слаботочные сети и связь,Системы контроля и управления доступом,sistemy-kontrolya-i-upravleniya-dostupom,Системы контроля и управления доступом,2,covered
Инженерное оборудование,Слаботочные сети и связь,Системы охранной сигнализации,intrusion-controllers-detectors,"Контроллеры, извещатели",3,covered
Инженерное оборудование,Слаботочные сети и связь,Системы охранной сигнализации,sistemy-ohrannoy-signalizatsii,Системы охранной сигнализации,3,covered
Инженерное оборудование,Слаботочные сети и связь,Системы сбора и обработки информации (ССОИ),ssoi-software-hardware-complexes,"ССОИ, Программно-аппаратные комплексы",1,covered
Инженерное оборудование,Слаботочные сети и связь,Системы автоматизации пропускного режима,pass-terminals-and-queue-systems,"Программно-аппаратные комплексы, терминалы выдачи пропусков, системы электронных очередей",2,covered
Инженерное оборудование,Слаботочные сети и связь,Системы автоматизации пропускного режима,sistemy-avtomatizatsii-propusknogo-rezhima,Системы автоматизации пропускного режима,2,covered
Инженерное оборудование,Слаботочные сети и связь,Системы периметральной охранной сигнализации,perimeter-controllers-detectors,"Контроллеры, извещатели",1,covered
Инженерное оборудование,Слаботочные сети и связь,Системы связи и диспетчеризации,telefoniya,Телефония,1,covered
Инженерное оборудование,Слаботочные сети и связь,Системы связи и диспетчеризации,sistemy-svyazi-i-dispetcherizatsii,Системы связи и диспетчеризации,4,covered
Инженерное оборудование,Слаботочные сети и связь,Системы связи и диспетчеризации,asu-inzhenernymi-setyami,АСУ инженерными сетями,4,covered
Инженерное оборудование,Слаботочные сети и связь,Системы связи и диспетчеризации,kommunikatsii-i-svyaz,Коммуникации и связь,1,covered
Инженерное оборудование,Газоснабжение,Газоанализаторы,gas-analyzers,Газоанализаторы,1,covered
Инженерное оборудование,Вертикальный транспорт,Подъемники,passenger-and-cargo-lifts,"Лифты (пассажирские, грузовые и т.д)",8,covered
Инженерное оборудование,Вертикальный транспорт,Автоматизация и диспетчеризация,elevator-dispatch-communication,Диспетчерская связь (Лифты),1,covered
Инженерное оборудование,Вертикальный транспорт,Автоматизация и диспетчеризация,avtomatizatsiya-i-dispetcherizatsiya,Автоматизация и диспетчеризация,1,covered
Инженерное оборудование,Вертикальный транспорт,Лифты,lifty,Лифты,8,covered
Инженерное оборудование,Вертикальный транспорт,Эскалаторы и траволаторы,eskalatory-i-travolatory,Эскалаторы и траволаторы,2,covered
Инженерное оборудование,Доступная среда,Подъемники,accessibility-lifts,Подъемники,1,covered
Инженерное оборудование,Доступная среда,Поручни,accessibility-handrails,Поручни,1,covered
Инженерное оборудование,Доступная среда,Пандусы,folding-ramps,Откидные,1,covered
Инженерное оборудование,Доступная среда,Рампы и трапы,accessibility-ramps-and-traps,Рампы и трапы,1,covered
Инженерное оборудование,Доступная среда,Пути движения по территории,taktilnaya-plitka,Тактильная плитка,1,covered
Инженерное оборудование,Доступная среда,Входная группа,pandusy,Пандусы,1,covered
Инженерное оборудование,Доступная среда,Парковочные места,dorozhnye-znaki,Дорожные знаки,1,covered
Инженерное оборудование,Доступная среда,Вертикальное перемещение,podemnye-platformy,Подъемные платформы,1,covered
Инженерное оборудование,Доступная среда,Информационное обеспечение,informatsionnoe-obespechenie,Информационное обеспечение,1,covered
Энергетика,ЭОМ,Электрооборудование,switchboard-and-electrical-equipment,Щитовое и электрооборудование,14,covered
Энергетика,ЭОМ,Электрооборудование,busbar-systems,Шинопроводы,3,covered
Энергетика,ЭОМ,Электрооборудование,uninterruptible-power-supplies,Источники бесперебойного питания,2,covered
Энергетика,ЭОМ,Электрооборудование,elektrika,Электрика,14,covered
Энергетика,ЭОМ,Электрооборудование,kommutatsionnoe-elektrooborudovanie,"Коммутационное электрооборудование,",14,covered
Энергетика,ЭОМ,Электрооборудование,schitovoe-oborudovanie,Щитовое оборудование,9,covered
Энергетика,ЭОМ,Электрооборудование,molniezaschita,Молниезащита,1,covered
Энергетика,ЭОМ,Электрооборудование,elektroustanovochnye-izdeliya,Электроустановочные изделия,7,covered
Энергетика,ЭОМ,Световые приборы,luminaires,Светильники,12,covered
Энергетика,ЭОМ,Световые приборы,cable-trays,Кабеленесущие системы лотки,1,covered
Энергетика,ЭОМ,Световые приборы,pvc-cable-management,Кабеленесущие системы из ПВХ,1,covered
Энергетика,ЭОМ,Световые приборы,lightning-protection-and-grounding,Молниезащита и заземление,1,covered
Энергетика,ЭОМ,Световые приборы,input-distribution-device,Вводно-распределительное устройство (ВРУ),5,covered
Энергетика,ЭОМ,Световые приборы,lighting-fixtures,Светильники,12,covered
Энергетика,ЭОМ,Кабельная продукция различного и специального назначения,electrical-cable-products,ЭМ,8,covered
Энергетика,ЭОМ,Кабельная продукция различного и специального назначения,kabelnaya-produktsiya,Кабельная продукция,8,covered
Энергетика,ЭОМ,Наружное освещение,poles-and-outdoor-lighting,Опоры и наружное освещение,11,covered
Энергетика,ЭОМ,Наружное освещение,architectural-and-street-lighting,"Архитектурно-художественное освещение, уличное освещение",8,covered
Энергетика,ЭОМ,Внутреннее освещение,commercial-interior-linear-recessed-lighting,"Для бизнеса, интерьерные, линейные, встраиваемые",9,covered
Энергетика,ЭОМ,Охранное освещение,brackets-mounting-units-and-luminaires,"Кронштейны, узлы крепления, светильники",1,covered
Энергетика,ЭОМ,Трансформаторные и распределительные подстанции,bktp-brp-vru,"БКТП, БРП, ВРУ",4,covered
Энергетика,ЭОМ,Трансформаторные и распределительные подстанции,uzly-sistemy-elektrosnabzheniya,"Узлы системы электроснабжения,",4,covered
Энергетика,ЭОМ,Кабеленесущие системы,cable-support-systems,Кабеленесущие системы,1,covered
Энергетика,Зарядная инфраструктура,Зарядочные станции для электромобилей,zaryadochnye-stantsii-dlya-elektromobiley,Зарядочные станции для электромобилей,2,covered
IT оборудование и ПО,IT-инфраструктура,Серверы и ЦОД,servers,Серверы,5,covered
IT оборудование и ПО,IT-инфраструктура,Серверы и ЦОД,storage-systems,Системы хранения данных,5,covered
IT оборудование и ПО,IT-инфраструктура,Серверы и ЦОД,servery-i-shd,Серверы и СХД,5,covered
IT оборудование и ПО,IT-инфраструктура,Сетевое оборудование,network-switches,Коммутаторы,7,covered
IT оборудование и ПО,IT-инфраструктура,Сетевое оборудование,setevoe-oborudovanie-i-telekom,Сетевое оборудование и телеком,7,covered
IT оборудование и ПО,IT-инфраструктура,ЦОД и инфраструктура,datacenter-infrastructure-components,Инфраструктурные компоненты ЦОД,2,covered
IT оборудование и ПО,IT-инфраструктура,Рабочие станции,workstations-and-corporate-pcs,Рабочие станции и корпоративные ПК,2,covered
IT оборудование и ПО,IT-инфраструктура,Рабочие станции,personalnoe-oborudovanie,Персональное оборудование,2,covered
IT оборудование и ПО,IT-инфраструктура,Корпоративные устройства,all-in-one-laptops-and-tablets,"Моноблоки, ноутбуки и планшеты",2,covered
IT оборудование и ПО,IT-инфраструктура,Корпоративные устройства,interaktivnoe-oborudovanie,Интерактивное оборудование,1,covered
IT оборудование и ПО,IT-инфраструктура,ПО и управление,software-monitoring-and-virtualization,"ПО, мониторинг и виртуализация",4,covered
IT оборудование и ПО,IT-инфраструктура,ПО и управление,programmnoe-obespechenie,Программное обеспечение,1,covered
IT оборудование и ПО,IT-инфраструктура,ПО и управление,virtualizatsiya-i-vdi,Виртуализация и VDI,1,covered
IT оборудование и ПО,IT-инфраструктура,ПО и управление,upravlenie-it-infrastrukturoy,Управление ИТ-инфраструктурой,1,covered
IT оборудование и ПО,IT-инфраструктура,ПО и управление,operatsionnye-sistemy,Операционные системы,1,covered
IT оборудование и ПО,IT-инфраструктура,ПО и управление,upravlenie-dannymi-i-analitika,Управление данными и аналитика,1,covered
IT оборудование и ПО,IT-инфраструктура,ПО и управление,rezervnoe-kopirovanie,Резервное копирование,1,covered
IT оборудование и ПО,IT-инфраструктура,ПО и управление,platformy-razrabotki-i-sborki-po,Платформы разработки и сборки ПО,1,covered
IT оборудование и ПО,IT-инфраструктура,Информационная безопасность,informatsionnaya-bezopasnost,Информационная безопасность,3,covered
ТХ оборудование,Технологическое оборудование,МАФ,street-furniture-and-small-architectural-forms,Уличная мебель и малые архитектурные формы,1,covered
ТХ оборудование,Технологическое оборудование,Медицинские газы и оборудование,medical-gases,Медицинские газы,1,covered
ТХ оборудование,Технологическое оборудование,Медицинские газы и оборудование,visualization-and-diagnostics,Визуализация и диагностика,5,covered
ТХ оборудование,Технологическое оборудование,Медицинские газы и оборудование,cardiology-and-emergency-care,Кардиология и неотложная помощь,2,covered
ТХ оборудование,Технологическое оборудование,Медицинские газы и оборудование,anesthesiology-and-intensive-care,Анестезиология и интенсивная терапия,1,covered
ТХ оборудование,Технологическое оборудование,Медицинские газы и оборудование,infusion-therapy-and-temperature-management,Инфузионная терапия и управление температурами,2,covered
ТХ оборудование,Технологическое оборудование,Медицинские газы и оборудование,meditsinskoe-oborudovanie,Медицинское оборудование,7,covered
ТХ оборудование,Технологическое оборудование,Комплектация,soft-and-office-furniture,Мебель (мягкая и офисная),2,covered
ТХ оборудование,Технологическое оборудование,Комплектация,industrial-furniture,Промышленная мебель,1,covered
ТХ оборудование,Технологическое оборудование,Досмотровое оборудование,access-and-control-systems,Системы доступа и контроля,1,covered
ТХ оборудование,Технологическое оборудование,Досмотровое оборудование,dosmotrovoe-oborudovanie,Досмотровое оборудование,2,covered
ТХ оборудование,Технологическое оборудование,Медийное оборудование,assembly-hall-equipment,Актовый зал,1,covered
ТХ оборудование,Технологическое оборудование,Медийное оборудование,media-apparatus,Аппаратура,1,covered
ТХ оборудование,Технологическое оборудование,Медийное оборудование,mediynoe-oborudovanie,Медийное оборудование,1,covered
ТХ оборудование,Технологическое оборудование,Мебель,mebel,Мебель,2,covered
ТХ оборудование,Технологическое оборудование,Мебель,ofisnaya-mebel,Офисная мебель,2,covered
ТХ оборудование,Технологическое оборудование,Спортивное оборудование,sportivnoe-oborudovanie,Спортивное оборудование,1,covered
ТХ оборудование,Технологическое оборудование,Стеллажи,stellazhi,Стеллажи,2,covered
ТХ оборудование,Технологическое оборудование,Актовый зал,aktovyy-zal,Актовый зал,1,covered
ТХ оборудование,Технологическое оборудование,Оборудование столовой и пищеблока,oborudovanie-stolovoy,Оборудование столовой,1,covered
ТХ оборудование,Технологическое оборудование,Оборудование столовой и пищеблока,oborudovanie-pischebloka,Оборудование пищеблока,1,covered
ТХ оборудование,Технологическое оборудование,Хозяйственное оборудование,hozyaystvennoe-oborudovanie,Хозяйственное оборудование,1,covered
ТХ оборудование,Технологическое оборудование,Оборудование санузлов,oborudovanie-sanuzlov,Оборудование санузлов,6,covered
ТХ оборудование,Технологическое оборудование,Оборудование гардероба,oborudovanie-garderoba,Оборудование гардероба,1,covered
ТХ оборудование,Технологическое оборудование,Библиотечное оборудование,bibliotechnoe-oborudovanie,Библиотечное оборудование,1,covered
ТХ оборудование,Технологическое оборудование,Лабораторное оборудование,laboratornoe-oborudovanie,Лабораторное оборудование,4,covered
